[
  {
    "model": "admin.logentry",
    "pk": 1,
    "fields": {
      "action_time": "2022-02-17T11:41:09.426Z",
      "user": 1,
      "content_type": 8,
      "object_id": "1",
      "object_repr": "The Moment You Need To Remove Garlic From The Menu",
      "action_flag": 1,
      "change_message": "[{\"added\": {}}]"
    }
  },
  {
    "model": "admin.logentry",
    "pk": 2,
    "fields": {
      "action_time": "2022-02-17T13:19:55.638Z",
      "user": 1,
      "content_type": 8,
      "object_id": "1",
      "object_repr": "The Moment You Need To Remove Garlic From The Menu",
      "action_flag": 2,
      "change_message": "[{\"changed\": {\"fields\": [\"Image\"]}}]"
    }
  },
  {
    "model": "admin.logentry",
    "pk": 3,
    "fields": {
      "action_time": "2022-02-17T13:54:44.271Z",
      "user": 1,
      "content_type": 11,
      "object_id": "1",
      "object_repr": "Fresh Meat",
      "action_flag": 1,
      "change_message": "[{\"added\": {}}]"
    }
  },
  {
    "model": "admin.logentry",
    "pk": 4,
    "fields": {
      "action_time": "2022-02-17T13:54:59.384Z",
      "user": 1,
      "content_type": 13,
      "object_id": "1",
      "object_repr": "France",
      "action_flag": 1,
      "change_message": "[{\"added\": {}}]"
    }
  },
  {
    "model": "admin.logentry",
    "pk": 5,
    "fields": {
      "action_time": "2022-02-17T13:56:30.694Z",
      "user": 1,
      "content_type": 12,
      "object_id": "1",
      "object_repr": "Beef",
      "action_flag": 1,
      "change_message": "[{\"added\": {}}]"
    }
  },
  {
    "model": "admin.logentry",
    "pk": 6,
    "fields": {
      "action_time": "2022-02-17T13:57:11.285Z",
      "user": 1,
      "content_type": 13,
      "object_id": "2",
      "object_repr": "Spain",
      "action_flag": 1,
      "change_message": "[{\"added\": {}}]"
    }
  },
  {
    "model": "admin.logentry",
    "pk": 7,
    "fields": {
      "action_time": "2022-02-17T13:57:16.023Z",
      "user": 1,
      "content_type": 13,
      "object_id": "3",
      "object_repr": "Finland",
      "action_flag": 1,
      "change_message": "[{\"added\": {}}]"
    }
  },
  {
    "model": "admin.logentry",
    "pk": 8,
    "fields": {
      "action_time": "2022-02-17T13:57:20.187Z",
      "user": 1,
      "content_type": 13,
      "object_id": "4",
      "object_repr": "Germany",
      "action_flag": 1,
      "change_message": "[{\"added\": {}}]"
    }
  },
  {
    "model": "admin.logentry",
    "pk": 9,
    "fields": {
      "action_time": "2022-02-17T13:57:24.230Z",
      "user": 1,
      "content_type": 13,
      "object_id": "5",
      "object_repr": "Poland",
      "action_flag": 1,
      "change_message": "[{\"added\": {}}]"
    }
  },
  {
    "model": "admin.logentry",
    "pk": 10,
    "fields": {
      "action_time": "2022-02-17T13:57:36.670Z",
      "user": 1,
      "content_type": 13,
      "object_id": "6",
      "object_repr": "Norway",
      "action_flag": 1,
      "change_message": "[{\"added\": {}}]"
    }
  },
  {
    "model": "admin.logentry",
    "pk": 11,
    "fields": {
      "action_time": "2022-02-17T13:57:46.445Z",
      "user": 1,
      "content_type": 13,
      "object_id": "7",
      "object_repr": "Italy",
      "action_flag": 1,
      "change_message": "[{\"added\": {}}]"
    }
  },
  {
    "model": "admin.logentry",
    "pk": 12,
    "fields": {
      "action_time": "2022-02-17T13:58:55.036Z",
      "user": 1,
      "content_type": 11,
      "object_id": "2",
      "object_repr": "Vegetables",
      "action_flag": 1,
      "change_message": "[{\"added\": {}}]"
    }
  },
  {
    "model": "admin.logentry",
    "pk": 13,
    "fields": {
      "action_time": "2022-02-17T13:59:12.619Z",
      "user": 1,
      "content_type": 11,
      "object_id": "3",
      "object_repr": "Fruit & Nut Gifts",
      "action_flag": 1,
      "change_message": "[{\"added\": {}}]"
    }
  },
  {
    "model": "admin.logentry",
    "pk": 14,
    "fields": {
      "action_time": "2022-02-17T13:59:19.039Z",
      "user": 1,
      "content_type": 11,
      "object_id": "4",
      "object_repr": "Fresh Berries",
      "action_flag": 1,
      "change_message": "[{\"added\": {}}]"
    }
  },
  {
    "model": "admin.logentry",
    "pk": 15,
    "fields": {
      "action_time": "2022-02-17T13:59:23.308Z",
      "user": 1,
      "content_type": 11,
      "object_id": "5",
      "object_repr": "Ocean Foods",
      "action_flag": 1,
      "change_message": "[{\"added\": {}}]"
    }
  },
  {
    "model": "admin.logentry",
    "pk": 16,
    "fields": {
      "action_time": "2022-02-17T13:59:27.622Z",
      "user": 1,
      "content_type": 11,
      "object_id": "6",
      "object_repr": "Butter & Eggs",
      "action_flag": 1,
      "change_message": "[{\"added\": {}}]"
    }
  },
  {
    "model": "admin.logentry",
    "pk": 17,
    "fields": {
      "action_time": "2022-02-17T13:59:31.725Z",
      "user": 1,
      "content_type": 11,
      "object_id": "7",
      "object_repr": "Fastfood",
      "action_flag": 1,
      "change_message": "[{\"added\": {}}]"
    }
  },
  {
    "model": "admin.logentry",
    "pk": 18,
    "fields": {
      "action_time": "2022-02-17T13:59:36.222Z",
      "user": 1,
      "content_type": 11,
      "object_id": "8",
      "object_repr": "Fresh Onion",
      "action_flag": 1,
      "change_message": "[{\"added\": {}}]"
    }
  },
  {
    "model": "admin.logentry",
    "pk": 19,
    "fields": {
      "action_time": "2022-02-17T13:59:40.268Z",
      "user": 1,
      "content_type": 11,
      "object_id": "9",
      "object_repr": "Papayaya & Crisps",
      "action_flag": 1,
      "change_message": "[{\"added\": {}}]"
    }
  },
  {
    "model": "admin.logentry",
    "pk": 20,
    "fields": {
      "action_time": "2022-02-17T13:59:43.995Z",
      "user": 1,
      "content_type": 11,
      "object_id": "10",
      "object_repr": "Oatmeal",
      "action_flag": 1,
      "change_message": "[{\"added\": {}}]"
    }
  },
  {
    "model": "admin.logentry",
    "pk": 21,
    "fields": {
      "action_time": "2022-02-17T13:59:58.160Z",
      "user": 1,
      "content_type": 11,
      "object_id": "11",
      "object_repr": "Fresh Bananas",
      "action_flag": 1,
      "change_message": "[{\"added\": {}}]"
    }
  },
  {
    "model": "admin.logentry",
    "pk": 22,
    "fields": {
      "action_time": "2022-02-17T14:07:23.993Z",
      "user": 1,
      "content_type": 12,
      "object_id": "1",
      "object_repr": "Beef",
      "action_flag": 2,
      "change_message": "[{\"changed\": {\"fields\": [\"Image\"]}}]"
    }
  },
  {
    "model": "admin.logentry",
    "pk": 23,
    "fields": {
      "action_time": "2022-02-17T14:08:13.887Z",
      "user": 1,
      "content_type": 12,
      "object_id": "2",
      "object_repr": "Banana",
      "action_flag": 1,
      "change_message": "[{\"added\": {}}]"
    }
  },
  {
    "model": "admin.logentry",
    "pk": 24,
    "fields": {
      "action_time": "2022-02-17T14:09:19.011Z",
      "user": 1,
      "content_type": 12,
      "object_id": "3",
      "object_repr": "Grapes",
      "action_flag": 1,
      "change_message": "[{\"added\": {}}]"
    }
  },
  {
    "model": "admin.logentry",
    "pk": 25,
    "fields": {
      "action_time": "2022-02-17T14:10:05.046Z",
      "user": 1,
      "content_type": 12,
      "object_id": "4",
      "object_repr": "Random",
      "action_flag": 1,
      "change_message": "[{\"added\": {}}]"
    }
  },
  {
    "model": "admin.logentry",
    "pk": 26,
    "fields": {
      "action_time": "2022-02-17T14:10:40.759Z",
      "user": 1,
      "content_type": 12,
      "object_id": "5",
      "object_repr": "sdfadfaqwer",
      "action_flag": 1,
      "change_message": "[{\"added\": {}}]"
    }
  },
  {
    "model": "admin.logentry",
    "pk": 27,
    "fields": {
      "action_time": "2022-02-17T14:11:05.148Z",
      "user": 1,
      "content_type": 12,
      "object_id": "6",
      "object_repr": "xcvzxcv",
      "action_flag": 1,
      "change_message": "[{\"added\": {}}]"
    }
  },
  {
    "model": "admin.logentry",
    "pk": 28,
    "fields": {
      "action_time": "2022-02-17T14:11:37.181Z",
      "user": 1,
      "content_type": 12,
      "object_id": "7",
      "object_repr": "sdfqwerzcxv",
      "action_flag": 1,
      "change_message": "[{\"added\": {}}]"
    }
  },
  {
    "model": "admin.logentry",
    "pk": 29,
    "fields": {
      "action_time": "2022-02-17T14:12:11.259Z",
      "user": 1,
      "content_type": 12,
      "object_id": "8",
      "object_repr": "Apple",
      "action_flag": 1,
      "change_message": "[{\"added\": {}}]"
    }
  },
  {
    "model": "admin.logentry",
    "pk": 30,
    "fields": {
      "action_time": "2022-02-17T14:12:42.019Z",
      "user": 1,
      "content_type": 12,
      "object_id": "9",
      "object_repr": "adasdfasd",
      "action_flag": 1,
      "change_message": "[{\"added\": {}}]"
    }
  },
  {
    "model": "admin.logentry",
    "pk": 31,
    "fields": {
      "action_time": "2022-02-17T14:13:17.917Z",
      "user": 1,
      "content_type": 12,
      "object_id": "10",
      "object_repr": "KFC",
      "action_flag": 1,
      "change_message": "[{\"added\": {}}]"
    }
  },
  {
    "model": "admin.logentry",
    "pk": 32,
    "fields": {
      "action_time": "2022-02-17T14:13:56.814Z",
      "user": 1,
      "content_type": 12,
      "object_id": "11",
      "object_repr": "sddszxcvz",
      "action_flag": 1,
      "change_message": "[{\"added\": {}}]"
    }
  },
  {
    "model": "admin.logentry",
    "pk": 33,
    "fields": {
      "action_time": "2022-02-17T14:14:34.112Z",
      "user": 1,
      "content_type": 12,
      "object_id": "12",
      "object_repr": "Fruits",
      "action_flag": 1,
      "change_message": "[{\"added\": {}}]"
    }
  },
  {
    "model": "admin.logentry",
    "pk": 34,
    "fields": {
      "action_time": "2022-02-17T22:15:32.219Z",
      "user": 1,
      "content_type": 12,
      "object_id": "11",
      "object_repr": "Juice",
      "action_flag": 2,
      "change_message": "[{\"changed\": {\"fields\": [\"Name\", \"Description\"]}}]"
    }
  },
  {
    "model": "admin.logentry",
    "pk": 35,
    "fields": {
      "action_time": "2022-02-17T22:16:08.442Z",
      "user": 1,
      "content_type": 12,
      "object_id": "9",
      "object_repr": "Sliwki",
      "action_flag": 2,
      "change_message": "[{\"changed\": {\"fields\": [\"Name\", \"Description\"]}}]"
    }
  },
  {
    "model": "admin.logentry",
    "pk": 36,
    "fields": {
      "action_time": "2022-02-17T22:16:43.202Z",
      "user": 1,
      "content_type": 12,
      "object_id": "7",
      "object_repr": "Watermelon",
      "action_flag": 2,
      "change_message": "[{\"changed\": {\"fields\": [\"Name\", \"Description\"]}}]"
    }
  },
  {
    "model": "admin.logentry",
    "pk": 37,
    "fields": {
      "action_time": "2022-02-17T22:17:18.376Z",
      "user": 1,
      "content_type": 12,
      "object_id": "6",
      "object_repr": "Mango",
      "action_flag": 2,
      "change_message": "[{\"changed\": {\"fields\": [\"Name\", \"Description\"]}}]"
    }
  },
  {
    "model": "admin.logentry",
    "pk": 38,
    "fields": {
      "action_time": "2022-02-17T22:17:50.398Z",
      "user": 1,
      "content_type": 12,
      "object_id": "5",
      "object_repr": "Hamburger",
      "action_flag": 2,
      "change_message": "[{\"changed\": {\"fields\": [\"Name\", \"Description\"]}}]"
    }
  },
  {
    "model": "admin.logentry",
    "pk": 39,
    "fields": {
      "action_time": "2022-02-17T22:18:17.656Z",
      "user": 1,
      "content_type": 12,
      "object_id": "4",
      "object_repr": "Lime",
      "action_flag": 2,
      "change_message": "[{\"changed\": {\"fields\": [\"Name\", \"Description\"]}}]"
    }
  },
  {
    "model": "auth.permission",
    "pk": 1,
    "fields": {
      "name": "Can add log entry",
      "content_type": 1,
      "codename": "add_logentry"
    }
  },
  {
    "model": "auth.permission",
    "pk": 2,
    "fields": {
      "name": "Can change log entry",
      "content_type": 1,
      "codename": "change_logentry"
    }
  },
  {
    "model": "auth.permission",
    "pk": 3,
    "fields": {
      "name": "Can delete log entry",
      "content_type": 1,
      "codename": "delete_logentry"
    }
  },
  {
    "model": "auth.permission",
    "pk": 4,
    "fields": {
      "name": "Can view log entry",
      "content_type": 1,
      "codename": "view_logentry"
    }
  },
  {
    "model": "auth.permission",
    "pk": 5,
    "fields": {
      "name": "Can add permission",
      "content_type": 2,
      "codename": "add_permission"
    }
  },
  {
    "model": "auth.permission",
    "pk": 6,
    "fields": {
      "name": "Can change permission",
      "content_type": 2,
      "codename": "change_permission"
    }
  },
  {
    "model": "auth.permission",
    "pk": 7,
    "fields": {
      "name": "Can delete permission",
      "content_type": 2,
      "codename": "delete_permission"
    }
  },
  {
    "model": "auth.permission",
    "pk": 8,
    "fields": {
      "name": "Can view permission",
      "content_type": 2,
      "codename": "view_permission"
    }
  },
  {
    "model": "auth.permission",
    "pk": 9,
    "fields": {
      "name": "Can add group",
      "content_type": 3,
      "codename": "add_group"
    }
  },
  {
    "model": "auth.permission",
    "pk": 10,
    "fields": {
      "name": "Can change group",
      "content_type": 3,
      "codename": "change_group"
    }
  },
  {
    "model": "auth.permission",
    "pk": 11,
    "fields": {
      "name": "Can delete group",
      "content_type": 3,
      "codename": "delete_group"
    }
  },
  {
    "model": "auth.permission",
    "pk": 12,
    "fields": {
      "name": "Can view group",
      "content_type": 3,
      "codename": "view_group"
    }
  },
  {
    "model": "auth.permission",
    "pk": 13,
    "fields": {
      "name": "Can add user",
      "content_type": 4,
      "codename": "add_user"
    }
  },
  {
    "model": "auth.permission",
    "pk": 14,
    "fields": {
      "name": "Can change user",
      "content_type": 4,
      "codename": "change_user"
    }
  },
  {
    "model": "auth.permission",
    "pk": 15,
    "fields": {
      "name": "Can delete user",
      "content_type": 4,
      "codename": "delete_user"
    }
  },
  {
    "model": "auth.permission",
    "pk": 16,
    "fields": {
      "name": "Can view user",
      "content_type": 4,
      "codename": "view_user"
    }
  },
  {
    "model": "auth.permission",
    "pk": 17,
    "fields": {
      "name": "Can add content type",
      "content_type": 5,
      "codename": "add_contenttype"
    }
  },
  {
    "model": "auth.permission",
    "pk": 18,
    "fields": {
      "name": "Can change content type",
      "content_type": 5,
      "codename": "change_contenttype"
    }
  },
  {
    "model": "auth.permission",
    "pk": 19,
    "fields": {
      "name": "Can delete content type",
      "content_type": 5,
      "codename": "delete_contenttype"
    }
  },
  {
    "model": "auth.permission",
    "pk": 20,
    "fields": {
      "name": "Can view content type",
      "content_type": 5,
      "codename": "view_contenttype"
    }
  },
  {
    "model": "auth.permission",
    "pk": 21,
    "fields": {
      "name": "Can add session",
      "content_type": 6,
      "codename": "add_session"
    }
  },
  {
    "model": "auth.permission",
    "pk": 22,
    "fields": {
      "name": "Can change session",
      "content_type": 6,
      "codename": "change_session"
    }
  },
  {
    "model": "auth.permission",
    "pk": 23,
    "fields": {
      "name": "Can delete session",
      "content_type": 6,
      "codename": "delete_session"
    }
  },
  {
    "model": "auth.permission",
    "pk": 24,
    "fields": {
      "name": "Can view session",
      "content_type": 6,
      "codename": "view_session"
    }
  },
  {
    "model": "auth.permission",
    "pk": 25,
    "fields": {
      "name": "Can add Contact",
      "content_type": 7,
      "codename": "add_contact"
    }
  },
  {
    "model": "auth.permission",
    "pk": 26,
    "fields": {
      "name": "Can change Contact",
      "content_type": 7,
      "codename": "change_contact"
    }
  },
  {
    "model": "auth.permission",
    "pk": 27,
    "fields": {
      "name": "Can delete Contact",
      "content_type": 7,
      "codename": "delete_contact"
    }
  },
  {
    "model": "auth.permission",
    "pk": 28,
    "fields": {
      "name": "Can view Contact",
      "content_type": 7,
      "codename": "view_contact"
    }
  },
  {
    "model": "auth.permission",
    "pk": 29,
    "fields": {
      "name": "Can add Blog",
      "content_type": 8,
      "codename": "add_blog"
    }
  },
  {
    "model": "auth.permission",
    "pk": 30,
    "fields": {
      "name": "Can change Blog",
      "content_type": 8,
      "codename": "change_blog"
    }
  },
  {
    "model": "auth.permission",
    "pk": 31,
    "fields": {
      "name": "Can delete Blog",
      "content_type": 8,
      "codename": "delete_blog"
    }
  },
  {
    "model": "auth.permission",
    "pk": 32,
    "fields": {
      "name": "Can view Blog",
      "content_type": 8,
      "codename": "view_blog"
    }
  },
  {
    "model": "auth.permission",
    "pk": 33,
    "fields": {
      "name": "Can add tag",
      "content_type": 9,
      "codename": "add_tag"
    }
  },
  {
    "model": "auth.permission",
    "pk": 34,
    "fields": {
      "name": "Can change tag",
      "content_type": 9,
      "codename": "change_tag"
    }
  },
  {
    "model": "auth.permission",
    "pk": 35,
    "fields": {
      "name": "Can delete tag",
      "content_type": 9,
      "codename": "delete_tag"
    }
  },
  {
    "model": "auth.permission",
    "pk": 36,
    "fields": {
      "name": "Can view tag",
      "content_type": 9,
      "codename": "view_tag"
    }
  },
  {
    "model": "auth.permission",
    "pk": 37,
    "fields": {
      "name": "Can add tagged item",
      "content_type": 10,
      "codename": "add_taggeditem"
    }
  },
  {
    "model": "auth.permission",
    "pk": 38,
    "fields": {
      "name": "Can change tagged item",
      "content_type": 10,
      "codename": "change_taggeditem"
    }
  },
  {
    "model": "auth.permission",
    "pk": 39,
    "fields": {
      "name": "Can delete tagged item",
      "content_type": 10,
      "codename": "delete_taggeditem"
    }
  },
  {
    "model": "auth.permission",
    "pk": 40,
    "fields": {
      "name": "Can view tagged item",
      "content_type": 10,
      "codename": "view_taggeditem"
    }
  },
  {
    "model": "auth.permission",
    "pk": 41,
    "fields": {
      "name": "Can add Department",
      "content_type": 11,
      "codename": "add_department"
    }
  },
  {
    "model": "auth.permission",
    "pk": 42,
    "fields": {
      "name": "Can change Department",
      "content_type": 11,
      "codename": "change_department"
    }
  },
  {
    "model": "auth.permission",
    "pk": 43,
    "fields": {
      "name": "Can delete Department",
      "content_type": 11,
      "codename": "delete_department"
    }
  },
  {
    "model": "auth.permission",
    "pk": 44,
    "fields": {
      "name": "Can view Department",
      "content_type": 11,
      "codename": "view_department"
    }
  },
  {
    "model": "auth.permission",
    "pk": 45,
    "fields": {
      "name": "Can add Product",
      "content_type": 12,
      "codename": "add_product"
    }
  },
  {
    "model": "auth.permission",
    "pk": 46,
    "fields": {
      "name": "Can change Product",
      "content_type": 12,
      "codename": "change_product"
    }
  },
  {
    "model": "auth.permission",
    "pk": 47,
    "fields": {
      "name": "Can delete Product",
      "content_type": 12,
      "codename": "delete_product"
    }
  },
  {
    "model": "auth.permission",
    "pk": 48,
    "fields": {
      "name": "Can view Product",
      "content_type": 12,
      "codename": "view_product"
    }
  },
  {
    "model": "auth.permission",
    "pk": 49,
    "fields": {
      "name": "Can add Country",
      "content_type": 13,
      "codename": "add_country"
    }
  },
  {
    "model": "auth.permission",
    "pk": 50,
    "fields": {
      "name": "Can change Country",
      "content_type": 13,
      "codename": "change_country"
    }
  },
  {
    "model": "auth.permission",
    "pk": 51,
    "fields": {
      "name": "Can delete Country",
      "content_type": 13,
      "codename": "delete_country"
    }
  },
  {
    "model": "auth.permission",
    "pk": 52,
    "fields": {
      "name": "Can view Country",
      "content_type": 13,
      "codename": "view_country"
    }
  },
  {
    "model": "auth.user",
    "pk": 1,
    "fields": {
      "password": "pbkdf2_sha256$320000$kdgjsICzgAoGmyxpVGBMvD$4YpadJvRSvBO5PPLSa/U6kT295kEAnadps6jcmTP0kI=",
      "last_login": "2022-02-17T10:43:34.987Z",
      "is_superuser": true,
      "username": "admin",
      "first_name": "",
      "last_name": "",
      "email": "",
      "is_staff": true,
      "is_active": true,
      "date_joined": "2022-02-17T10:43:11.257Z",
      "groups": [],
      "user_permissions": []
    }
  },
  {
    "model": "contenttypes.contenttype",
    "pk": 1,
    "fields": {
      "app_label": "admin",
      "model": "logentry"
    }
  },
  {
    "model": "contenttypes.contenttype",
    "pk": 2,
    "fields": {
      "app_label": "auth",
      "model": "permission"
    }
  },
  {
    "model": "contenttypes.contenttype",
    "pk": 3,
    "fields": {
      "app_label": "auth",
      "model": "group"
    }
  },
  {
    "model": "contenttypes.contenttype",
    "pk": 4,
    "fields": {
      "app_label": "auth",
      "model": "user"
    }
  },
  {
    "model": "contenttypes.contenttype",
    "pk": 5,
    "fields": {
      "app_label": "contenttypes",
      "model": "contenttype"
    }
  },
  {
    "model": "contenttypes.contenttype",
    "pk": 6,
    "fields": {
      "app_label": "sessions",
      "model": "session"
    }
  },
  {
    "model": "contenttypes.contenttype",
    "pk": 7,
    "fields": {
      "app_label": "webshop",
      "model": "contact"
    }
  },
  {
    "model": "contenttypes.contenttype",
    "pk": 8,
    "fields": {
      "app_label": "webshop",
      "model": "blog"
    }
  },
  {
    "model": "contenttypes.contenttype",
    "pk": 9,
    "fields": {
      "app_label": "taggit",
      "model": "tag"
    }
  },
  {
    "model": "contenttypes.contenttype",
    "pk": 10,
    "fields": {
      "app_label": "taggit",
      "model": "taggeditem"
    }
  },
  {
    "model": "contenttypes.contenttype",
    "pk": 11,
    "fields": {
      "app_label": "webshop",
      "model": "department"
    }
  },
  {
    "model": "contenttypes.contenttype",
    "pk": 12,
    "fields": {
      "app_label": "webshop",
      "model": "product"
    }
  },
  {
    "model": "contenttypes.contenttype",
    "pk": 13,
    "fields": {
      "app_label": "webshop",
      "model": "country"
    }
  },
  {
    "model": "sessions.session",
    "pk": "f76vkp7azi66u5ys13sz8c0a3faex95k",
    "fields": {
      "session_data": ".eJxVjDsOwjAQBe_iGlms_FmHkp4zWOtdGweQI8VJFXF3iJQC2jczb1OR1qXGtec5jqIuCtTpd0vEz9x2IA9q90nz1JZ5THpX9EG7vk2SX9fD_Tuo1Ou35pCcLS4LsgU24BwgZC8UbEEygxQHIZCgzy6cYcDA6AugSZYA2aj3B-J2N4k:1nKeG6:0zXlqSq901aKVX2DcExgOQweXNF02KwI8uCspz-o5b4",
      "expire_date": "2022-03-03T10:43:34.989Z"
    }
  },
  {
    "model": "webshop.department",
    "pk": 1,
    "fields": {
      "name": "Fresh Meat"
    }
  },
  {
    "model": "webshop.department",
    "pk": 2,
    "fields": {
      "name": "Vegetables"
    }
  },
  {
    "model": "webshop.department",
    "pk": 3,
    "fields": {
      "name": "Fruit & Nut Gifts"
    }
  },
  {
    "model": "webshop.department",
    "pk": 4,
    "fields": {
      "name": "Fresh Berries"
    }
  },
  {
    "model": "webshop.department",
    "pk": 5,
    "fields": {
      "name": "Ocean Foods"
    }
  },
  {
    "model": "webshop.department",
    "pk": 6,
    "fields": {
      "name": "Butter & Eggs"
    }
  },
  {
    "model": "webshop.department",
    "pk": 7,
    "fields": {
      "name": "Fastfood"
    }
  },
  {
    "model": "webshop.department",
    "pk": 8,
    "fields": {
      "name": "Fresh Onion"
    }
  },
  {
    "model": "webshop.department",
    "pk": 9,
    "fields": {
      "name": "Papayaya & Crisps"
    }
  },
  {
    "model": "webshop.department",
    "pk": 10,
    "fields": {
      "name": "Oatmeal"
    }
  },
  {
    "model": "webshop.department",
    "pk": 11,
    "fields": {
      "name": "Fresh Bananas"
    }
  },
  {
    "model": "webshop.country",
    "pk": 1,
    "fields": {
      "name": "France"
    }
  },
  {
    "model": "webshop.country",
    "pk": 2,
    "fields": {
      "name": "Spain"
    }
  },
  {
    "model": "webshop.country",
    "pk": 3,
    "fields": {
      "name": "Finland"
    }
  },
  {
    "model": "webshop.country",
    "pk": 4,
    "fields": {
      "name": "Germany"
    }
  },
  {
    "model": "webshop.country",
    "pk": 5,
    "fields": {
      "name": "Poland"
    }
  },
  {
    "model": "webshop.country",
    "pk": 6,
    "fields": {
      "name": "Norway"
    }
  },
  {
    "model": "webshop.country",
    "pk": 7,
    "fields": {
      "name": "Italy"
    }
  },
  {
    "model": "webshop.product",
    "pk": 1,
    "fields": {
      "name": "Beef",
      "description": "High-quality beef from France",
      "image": "images/products/product-1.jpg",
      "code": "abc-123",
      "department": 1,
      "origin": 1,
      "price": 12.0,
      "weight": 1.0,
      "quantity": 100
    }
  },
  {
    "model": "webshop.product",
    "pk": 2,
    "fields": {
      "name": "Banana",
      "description": "Banana from Brazil",
      "image": "images/products/product-2.jpg",
      "code": "baba-1321",
      "department": 11,
      "origin": null,
      "price": 5.0,
      "weight": 2.0,
      "quantity": 150
    }
  },
  {
    "model": "webshop.product",
    "pk": 3,
    "fields": {
      "name": "Grapes",
      "description": "Grapes from Spain",
      "image": "images/products/product-4.jpg",
      "code": "gra-541",
      "department": 3,
      "origin": 2,
      "price": 15.0,
      "weight": 1.5,
      "quantity": 500
    }
  },
  {
    "model": "webshop.product",
    "pk": 4,
    "fields": {
      "name": "Lime",
      "description": "Lime from Poland",
      "image": "images/products/product-3.jpg",
      "code": "sdfsdf",
      "department": 4,
      "origin": 5,
      "price": 2.5,
      "weight": 2.5,
      "quantity": 50
    }
  },
  {
    "model": "webshop.product",
    "pk": 5,
    "fields": {
      "name": "Hamburger",
      "description": "Hamburger from Germany",
      "image": "images/products/product-5.jpg",
      "code": "dsfsdf",
      "department": 7,
      "origin": 4,
      "price": 12.0,
      "weight": 0.15,
      "quantity": 100
    }
  },
  {
    "model": "webshop.product",
    "pk": 6,
    "fields": {
      "name": "Mango",
      "description": "Delicious mangoes from China",
      "image": "images/products/product-6.jpg",
      "code": "sdfasdfadsf",
      "department": 3,
      "origin": null,
      "price": 7.0,
      "weight": 2.0,
      "quantity": 12
    }
  },
  {
    "model": "webshop.product",
    "pk": 7,
    "fields": {
      "name": "Watermelon",
      "description": "Watermelon from Spain",
      "image": "images/products/product-7.jpg",
      "code": "sdfzcxv",
      "department": 3,
      "origin": 2,
      "price": 3.0,
      "weight": 5.0,
      "quantity": 350
    }
  },
  {
    "model": "webshop.product",
    "pk": 8,
    "fields": {
      "name": "Apple",
      "description": "Apple from Germany",
      "image": "images/products/product-8.jpg",
      "code": "app-687651",
      "department": 3,
      "origin": 4,
      "price": 3.0,
      "weight": 2.0,
      "quantity": 1000
    }
  },
  {
    "model": "webshop.product",
    "pk": 9,
    "fields": {
      "name": "Sliwki",
      "description": "Sliwki from Finland",
      "image": "images/products/product-9.jpg",
      "code": "qwer121df",
      "department": 4,
      "origin": 3,
      "price": 5.0,
      "weight": 2.0,
      "quantity": 150
    }
  },
  {
    "model": "webshop.product",
    "pk": 10,
    "fields": {
      "name": "KFC",
      "description": "KFC from Poland",
      "image": "images/products/product-10.jpg",
      "code": "kfc-1231",
      "department": 7,
      "origin": 5,
      "price": 5.0,
      "weight": 0.18,
      "quantity": 22
    }
  },
  {
    "model": "webshop.product",
    "pk": 11,
    "fields": {
      "name": "Juice",
      "description": "Tropicana Juice",
      "image": "images/products/product-11.jpg",
      "code": "asdfzxcv987651621",
      "department": 4,
      "origin": 6,
      "price": 12.0,
      "weight": 2.0,
      "quantity": 6541
    }
  },
  {
    "model": "webshop.product",
    "pk": 12,
    "fields": {
      "name": "Fruits",
      "description": "Fruits from all over the World",
      "image": "images/products/product-12.jpg",
      "code": "fruits-123132",
      "department": 3,
      "origin": null,
      "price": 100.0,
      "weight": 20.0,
      "quantity": 50
    }
  },
  {
    "model": "webshop.blog",
    "pk": 1,
    "fields": {
      "title": "The Moment You Need To Remove Garlic From The Menu",
      "image": "images/blogs/details-pic.jpg",
      "description": "Sed porttitor lectus nibh. Vestibulum ac diam sit amet quam vehicula elementum sed sit amet dui. Curabitur non nulla sit amet nisl tempus convallis quis ac lectus. Mauris blandit aliquet elit, eget tincidunt nibh pulvinar a. Vivamus magna justo, lacinia eget consectetur sed, convallis at tellus. Sed porttitor lectus nibh. Donec sollicitudin molestie malesuada. Curabitur non nulla sit amet nisl tempus convallis quis ac lectus. Proin eget tortor risus. Donec rutrum congue leo eget malesuada. Curabitur non nulla sit amet nisl tempus convallis quis ac lectus. Donec sollicitudin molestie malesuada. Nulla quis lorem ut libero malesuada feugiat. Curabitur arcu erat, accumsan id imperdiet et, porttitor at sem.",
      "date": "2022-02-17",
      "author": 1
    }
  },
  {
    "model": "webshop.contact",
    "pk": 1,
    "fields": {
      "name": "Shukhrat Mirrakhimov",
      "email": "test@gmail.com",
      "message": "Sample message"
    }
  },
  {
    "model": "webshop.contact",
    "pk": 2,
    "fields": {
      "name": "Admin",
      "email": "admin@test.com",
      "message": "Hello World!"
    }
  },
  {
    "model": "taggit.tag",
    "pk": 1,
    "fields": {
      "name": "Cooking",
      "slug": "cooking"
    }
  },
  {
    "model": "taggit.tag",
    "pk": 2,
    "fields": {
      "name": "Healthy Food",
      "slug": "healthy-food"
    }
  },
  {
    "model": "taggit.tag",
    "pk": 3,
    "fields": {
      "name": "All",
      "slug": "all"
    }
  },
  {
    "model": "taggit.tag",
    "pk": 4,
    "fields": {
      "name": "Trending",
      "slug": "trending"
    }
  },
  {
    "model": "taggit.tag",
    "pk": 5,
    "fields": {
      "name": "Life Style",
      "slug": "life-style"
    }
  },
  {
    "model": "taggit.taggeditem",
    "pk": 1,
    "fields": {
      "tag": 1,
      "content_type": 8,
      "object_id": 1
    }
  },
  {
    "model": "taggit.taggeditem",
    "pk": 2,
    "fields": {
      "tag": 2,
      "content_type": 8,
      "object_id": 1
    }
  },
  {
    "model": "taggit.taggeditem",
    "pk": 3,
    "fields": {
      "tag": 3,
      "content_type": 8,
      "object_id": 1
    }
  },
  {
    "model": "taggit.taggeditem",
    "pk": 4,
    "fields": {
      "tag": 4,
      "content_type": 8,
      "object_id": 1
    }
  },
  {
    "model": "taggit.taggeditem",
    "pk": 5,
    "fields": {
      "tag": 5,
      "content_type": 8,
      "object_id": 1
    }
  }
]
